<configs>
	<append xpath="/buffs/buff[@name='buffStatusCheck01']/effect_group">
		<triggered_effect trigger="onSelfBuffUpdate" action="AddBuff" buff="VehicleChecker">
			<requirement name="NotHasBuff" buff="VehicleChecker"/>
		</triggered_effect>
	</append>
	
	<append xpath="/buffs">
		<buff name="VehicleChecker" hidden="true">
			<stack_type value="replace"/>
			<duration value="500"/>
			<update_rate value=".1"/>
			<effect_group>
				<triggered_effect trigger="onSelfBuffUpdate" action="AddBuff" target="selfAOE" range="100" buff="vehicleHellBeastBikeCheck">
					<requirement name="EntityTagCompare" target="other" tags="vehiclehellbeast"/>
					<requirement name="NotHasBuff" target="other" buff="vehicleHellBeastBikeCheck"/>
				</triggered_effect>
				<triggered_effect trigger="onSelfBuffUpdate" action="AddBuff" target="selfAOE" range="100" buff="vehicleHellFireBikeCheck">
					<requirement name="EntityTagCompare" target="other" tags="vehiclehellfire"/>
					<requirement name="NotHasBuff" target="other" buff="vehicleHellFireBikeCheck"/>
				</triggered_effect>
				<triggered_effect trigger="onSelfBuffUpdate" action="AddBuff" target="selfAOE" range="100" buff="vehicleHellDogBikeCheck">
					<requirement name="EntityTagCompare" target="other" tags="vehiclehelldog"/>
					<requirement name="NotHasBuff" target="other" buff="vehicleHellDogBikeCheck"/>
				</triggered_effect>
				<triggered_effect trigger="onSelfBuffUpdate" action="AddBuff" target="selfAOE" range="100" buff="vehicleSpiderBikeCheck">
					<requirement name="EntityTagCompare" target="other" tags="vehiclespider"/>
					<requirement name="NotHasBuff" target="other" buff="vehicleSpiderBikeCheck"/>
				</triggered_effect>				
				<triggered_effect trigger="onSelfBuffUpdate" action="AddBuff" target="selfAOE" range="100" buff="vehicleHellHound4x4Check">
					<requirement name="EntityTagCompare" target="other" tags="vehiclehellhound4x4"/>
					<requirement name="NotHasBuff" target="other" buff="vehicleHellHound4x4Check"/>
				</triggered_effect>
				<triggered_effect trigger="onSelfBuffUpdate" action="AddBuff" target="selfAOE" range="100" buff="vehicleHellSpikey4x4Check">
					<requirement name="EntityTagCompare" target="other" tags="vehiclehellspikey4x4"/>
					<requirement name="NotHasBuff" target="other" buff="vehicleHellSpikey4x4Check"/>
				</triggered_effect>
				<triggered_effect trigger="onSelfBuffUpdate" action="AddBuff" target="selfAOE" range="100" buff="vehicleHellCarCheck"> 
					<requirement name="EntityTagCompare" target="other" tags="vehiclehellcar"/>
					<requirement name="NotHasBuff" target="other" buff="vehicleHellCarCheck"/>
				</triggered_effect>
				<triggered_effect trigger="onSelfBuffUpdate" action="AddBuff" target="selfAOE" range="100" buff="vehicleMagicBusCheck">
					<requirement name="EntityTagCompare" target="other" tags="vehiclemagicbus"/>
					<requirement name="NotHasBuff" target="other" buff="vehicleMagicBusCheck"/>
				</triggered_effect>				
				<triggered_effect trigger="onSelfBuffUpdate" action="AddBuff" target="selfAOE" range="100" buff="vehicleWhirligigCheck">
					<requirement name="EntityTagCompare" target="other" tags="vehiclewhirligig"/>
					<requirement name="NotHasBuff" target="other" buff="vehicleWhirligigCheck"/>
				</triggered_effect>
				<triggered_effect trigger="onSelfBuffUpdate" action="AddBuff" target="selfAOE" range="100" buff="vehicleSharkBlimpCheck">
					<requirement name="EntityTagCompare" target="other" tags="vehiclesharkblimp"/>
					<requirement name="NotHasBuff" target="other" buff="vehicleSharkBlimpCheck"/>
				</triggered_effect>			
				<triggered_effect trigger="onSelfBuffUpdate" action="AddBuff" target="selfAOE" range="100" buff="vehicleSledCheck">
					<requirement name="EntityTagCompare" target="other" tags="vehiclesled"/>
					<requirement name="NotHasBuff" target="other" buff="vehicleSledCheck"/>
				</triggered_effect>				
			</effect_group>				
		</buff>
		
<!-- Motorcycles -->		

		<buff name="vehicleHellBeastBikeCheck" hidden="true">
			<damage_type value="heat"/>		
			<stack_type value="ignore"/>			
			<effect_group>
				<triggered_effect trigger="onSelfBuffStart" action="SetTransformActive" active="true"  transform_path="headlight"/>
				<triggered_effect trigger="onSelfBuffStart" action="AttachParticleEffectToEntity" particle="p_torch_wall" local_offset=".15,.1,-.2" local_rotation="0,0,0" parent_transform="headlight"/>
				<triggered_effect trigger="onSelfBuffStart" action="AttachPrefabToEntity" prefab="particleeffects/p_torch_wall" local_offset="-.15,.1,-.2" local_rotation="0,0,0" parent_transform="headlight"/>
				<triggered_effect trigger="onSelfBuffStart" action="SetTransformActive" active="false"  transform_path="headlight"/>
				<triggered_effect trigger="onSelfBuffStart" action="AttachPrefabToEntity" prefab="Entities/OutdoorDecor/cowSkullPrefab" local_offset="0,.1,.5" local_rotation="45,0,0" parent_transform="Origin/handlebar_joint"/>
				<triggered_effect trigger="onSelfBuffStart" action="AttachPrefabToEntity" prefab="@:Entities/LootContainers/weapon_bags_smallPrefab.prefab" local_offset="0,.85,-0.8" local_rotation="0,0,0" parent_transform="Origin"/>
				<triggered_effect trigger="onSelfBuffStart" action="AttachPrefabToEntity" prefab="@:Other/Items/Weapons/Melee/Spear/spear_steel_Prefab.prefab" local_offset=".24,.58,0.9" local_rotation="90,0,0" parent_transform="Origin"/>
				<triggered_effect trigger="onSelfBuffStart" action="AttachParticleEffectToEntity" particle="@:Other/Items/Weapons/Melee/Spear/spear_steel_Prefab.prefab" local_offset="-.24,.58,0.9" local_rotation="90,0,0" parent_transform="Origin"/>
			</effect_group>
		</buff>

		<buff name="vehicleHellFireBikeCheck" hidden="true">
			<damage_type value="heat"/>
			<stack_type value="ignore"/>			
			<effect_group>
				<triggered_effect trigger="onSelfBuffStart" action="SetTransformActive" active="true"  transform_path="headlight"/>
				<triggered_effect trigger="onSelfBuffStart" action="AttachParticleEffectToEntity" particle="p_torch_wall" local_offset=".15,.1,-.2" local_rotation="0,0,0" parent_transform="headlight"/>
				<triggered_effect trigger="onSelfBuffStart" action="AttachPrefabToEntity" prefab="particleeffects/p_torch_wall" local_offset="-.15,.1,-.2" local_rotation="0,0,0" parent_transform="headlight"/>
				<triggered_effect trigger="onSelfBuffStart" action="SetTransformActive" active="false"  transform_path="headlight"/>
				<triggered_effect trigger="onSelfBuffStart" action="AttachPrefabToEntity" prefab="Entities/OutdoorDecor/cowSkullPrefab" local_offset="0,.1,.5" local_rotation="45,0,0" parent_transform="Origin/handlebar_joint"/>
				<triggered_effect trigger="onSelfBuffStart" action="AttachPrefabToEntity" prefab="@:Entities/LootContainers/weapon_bags_smallPrefab.prefab" local_offset="0,.85,-0.8" local_rotation="0,0,0" parent_transform="Origin"/>
				<triggered_effect trigger="onSelfBuffStart" action="AttachPrefabToEntity" prefab="@:Other/Items/Weapons/Melee/Spear/spear_steel_Prefab.prefab" local_offset=".24,.58,0.9" local_rotation="90,0,0" parent_transform="Origin"/>
				<triggered_effect trigger="onSelfBuffStart" action="AttachParticleEffectToEntity" particle="@:Other/Items/Weapons/Melee/Spear/spear_steel_Prefab.prefab" local_offset="-.24,.58,0.9" local_rotation="90,0,0" parent_transform="Origin"/>
				<triggered_effect trigger="onSelfBuffStart" action="AttachPrefabToEntity" prefab="@:Entities/Vehicles/Car/motorPrefab.prefab" local_offset="0,.6,0" local_rotation="0,0,0" parent_transform="Origin"/>
				<triggered_effect trigger="onSelfBuffStart" action="AttachParticleEffectToEntity" particle="torch02_firePrefab" local_offset=".15,-.9,1" local_rotation="90,0,180" parent_transform="Origin/handlebar_joint"/>
				<triggered_effect trigger="onSelfBuffStart" action="AttachPrefabToEntity" prefab="particleeffects/torch02_firePrefab" local_offset="-.15,-.9,1" local_rotation="90,0,180" parent_transform="Origin/handlebar_joint"/>
				<triggered_effect trigger="onSelfBuffStart" action="AttachPrefabToEntity" prefab="@:Other/Items/Weapons/Melee/Axe/steelAxePrefab.prefab" local_offset=".27,1,-.5" local_rotation="-30,0,0" parent_transform="Origin"/>
				<triggered_effect trigger="onSelfBuffStart" action="AttachParticleEffectToEntity" particle="@:Other/Items/Weapons/Melee/Axe/steelAxePrefab.prefab" local_offset="-.27,1,-.5" local_rotation="-25,0,0" parent_transform="Origin"/>
				
				<triggered_effect trigger="onSelfBuffUpdate" action="AddBuff" target="selfAOE" range="1.2" buff="buffBurningElement">
					<requirement name="EntityTagCompare" target="other" tags="zombie,enemy"/>
				</triggered_effect>
			</effect_group>
		</buff>

		<buff name="vehicleHellDogBikeCheck" hidden="true">
			<damage_type value="heat"/>
			<stack_type value="ignore"/>			
			<effect_group>
				<triggered_effect trigger="onSelfBuffStart" action="SetTransformActive" active="true"  transform_path="headlight"/>
				<triggered_effect trigger="onSelfBuffStart" action="AttachParticleEffectToEntity" particle="p_torch_wall" local_offset=".15,.1,-.2" local_rotation="0,0,0" parent_transform="headlight"/>
				<triggered_effect trigger="onSelfBuffStart" action="AttachPrefabToEntity" prefab="particleeffects/p_torch_wall" local_offset="-.15,.1,-.2" local_rotation="0,0,0" parent_transform="headlight"/>
				<triggered_effect trigger="onSelfBuffStart" action="SetTransformActive" active="false"  transform_path="headlight"/>
				<triggered_effect trigger="onSelfBuffStart" action="AttachPrefabToEntity" prefab="@:Other/Items/Weapons/Ranged/RocketLauncher/rocketlauncherPrefab.prefab" local_offset="0,-0.5,.5" local_rotation="45,0,-45" parent_transform="Origin/handlebar_joint"/>
				<triggered_effect trigger="onSelfBuffStart" action="AttachPrefabToEntity" prefab="@:Entities/LootContainers/weapon_bags_smallPrefab.prefab" local_offset="0,.85,-0.8" local_rotation="0,0,0" parent_transform="Origin"/>
				<triggered_effect trigger="onSelfBuffStart" action="AttachPrefabToEntity" prefab="@:Other/Items/Weapons/Melee/Spear/spear_steel_Prefab.prefab" local_offset=".24,.58,0.9" local_rotation="90,0,0" parent_transform="Origin"/>
				<triggered_effect trigger="onSelfBuffStart" action="AttachParticleEffectToEntity" particle="@:Other/Items/Weapons/Melee/Spear/spear_steel_Prefab.prefab" local_offset="-.24,.58,0.9" local_rotation="90,0,0" parent_transform="Origin"/>
				<triggered_effect trigger="onSelfBuffStart" action="AttachPrefabToEntity" prefab="@:Entities/Vehicles/Car/motorPrefab.prefab" local_offset="0,.6,0" local_rotation="0,0,0" parent_transform="Origin"/>
				<triggered_effect trigger="onSelfBuffStart" action="AttachParticleEffectToEntity" particle="torch02_firePrefab" local_offset=".15,-.9,1" local_rotation="90,0,180" parent_transform="Origin/handlebar_joint"/>
				<triggered_effect trigger="onSelfBuffStart" action="AttachPrefabToEntity" prefab="particleeffects/torch02_firePrefab" local_offset="-.15,-.9,1" local_rotation="90,0,180" parent_transform="Origin/handlebar_joint"/>
				<triggered_effect trigger="onSelfBuffStart" action="AttachPrefabToEntity" prefab="@:Other/Items/Weapons/Melee/Axe/steelAxePrefab.prefab" local_offset=".27,1,-.5" local_rotation="-30,0,0" parent_transform="Origin"/>
				<triggered_effect trigger="onSelfBuffStart" action="AttachParticleEffectToEntity" particle="@:Other/Items/Weapons/Melee/Axe/steelAxePrefab.prefab" local_offset="-.27,1,-.5" local_rotation="-25,0,0" parent_transform="Origin"/>
				
				<triggered_effect trigger="onSelfBuffUpdate" action="AddBuff" target="selfAOE" range="1.2" buff="buffBurningElement">
					<requirement name="EntityTagCompare" target="other" tags="zombie,enemy"/>
				</triggered_effect>
			</effect_group>
		</buff>
		
		<buff name="vehicleSpiderBikeCheck" hidden="true">
			<damage_type value="heat"/>		
			<stack_type value="ignore"/>			
			<effect_group>
				<triggered_effect trigger="onSelfBuffStart" action="AttachPrefabToEntity" prefab="@:Entities/LootContainers/weapon_bags_largePrefab.prefab" local_offset="0.05,.5,-0.85" local_rotation="0,0,0" parent_transform="Origin"/>
				<triggered_effect trigger="onSelfBuffStart" action="AttachPrefabToEntity" prefab="Entities/traps/ironSpikesTrapPrefab" local_offset="0,0.5,-0.86" local_rotation="0,0,0" parent_transform="Origin"/>				
			
				<triggered_effect trigger="onSelfBuffUpdate" action="AddBuff" target="selfAOE" range="1.2" buff="buffInjuryKnockdown01">
					<requirement name="EntityTagCompare" target="other" tags="zombie,enemy"/>
				</triggered_effect>
			</effect_group>
		</buff>		
		
<!-- Cars, Jeeps, Trucks, and Buses -->		

		<buff name="vehicleHellHound4x4Check" hidden="true">
			<damage_type value="heat"/>
			<stack_type value="ignore"/>		
			<effect_group>
			   <triggered_effect trigger="onSelfBuffStart" action="SetTransformActive" active="true"  transform_path="headlight"/>
				<triggered_effect trigger="onSelfBuffStart" action="AttachParticleEffectToEntity" particle="p_torch_wall" local_offset=".5,2,-1.15" local_rotation="0,0,0" parent_transform="headlight"/>
				<triggered_effect trigger="onSelfBuffStart" action="AttachPrefabToEntity" prefab="particleeffects/p_torch_wall" local_offset="-.5,2,-1.15" local_rotation="0,0,0" parent_transform="headlight"/>
				<triggered_effect trigger="onSelfBuffStart" action="AttachPrefabToEntity" prefab="Entities/Lighting/lantern_02PlayerPrefab" local_offset="0,1.1,.5" local_rotation="-14,0,0" parent_transform="headlight"/>
				<triggered_effect trigger="onSelfBuffStart" action="SetTransformActive" active="false"  transform_path="headlight"/>
				<triggered_effect trigger="onSelfBuffStart" action="AttachPrefabToEntity" prefab="@:Entities/Zombies/Zombies/halfCorpsePrefab.prefab" local_offset="0,1,-2" local_rotation="0,0,0" parent_transform="Origin"/>
				<triggered_effect trigger="onSelfBuffStart" action="AttachPrefabToEntity" prefab="@:Entities/Zombies/Zombies/corpse2Prefab.prefab" local_offset="0,1,2" local_rotation="0,90,0" parent_transform="Origin"/>
				<triggered_effect trigger="onSelfBuffStart" action="AttachPrefabToEntity" prefab="Entities/Plants/pumpkinJackoLanternPrefab" local_offset="0,2,0" local_rotation="0,0,0" parent_transform="Origin"/>
				<triggered_effect trigger="onSelfBuffStart" action="AttachPrefabToEntity" prefab="Entities/Bandits/Barbedwire/barbedwire_spindlePrefab" local_offset="1,0.5,-0.3" local_rotation="0,90,0" parent_transform="GameObject"/>
				<triggered_effect trigger="onSelfBuffStart" action="AttachPrefabToEntity" prefab="Entities/Bandits/Barbedwire/barbedwire_spindlePrefab" local_offset="-1,0.5,-0.3" local_rotation="0,90,0" parent_transform="Mesh"/>
				<triggered_effect trigger="onSelfBuffStart" action="AttachPrefabToEntity" prefab="Entities/Bandits/Barbedwire/barbedwire_spindle_diagonal_1mPrefab" local_offset="0,0.4,2" local_rotation="0,45,0" parent_transform="Origin"/>
				<triggered_effect trigger="onSelfBuffStart" action="AttachPrefabToEntity" prefab="Entities/Commercial/posterMovieMammasJusticePrefab" local_offset="0,1.85,1.2" local_rotation="-83,0,0" parent_transform="Origin"/>
				<triggered_effect trigger="onSelfBuffStart" action="AttachPrefabToEntity" prefab="Entities/Lighting/torch_wallPrefab" local_offset="0.75,0.8,2.45" local_rotation="0,0,-45" parent_transform="GameObject"/>
				<triggered_effect trigger="onSelfBuffStart" action="AttachPrefabToEntity" prefab="Entities/Lighting/torch_wallPrefab" local_offset="-0.75,0.8,2.45" local_rotation="0,0,45" parent_transform="Mesh"/>
				
				<triggered_effect trigger="onSelfBuffUpdate" action="AddBuff" target="selfAOE" range="1.2" buff="buffBurningElement">
					<requirement name="EntityTagCompare" target="other" tags="zombie,enemy"/>
				</triggered_effect>
			</effect_group>
		</buff>

		<buff name="vehicleHellSpikey4x4Check" hidden="true">
			<damage_type value="heat"/>
			<stack_type value="ignore"/>		
			<effect_group>
			   <triggered_effect trigger="onSelfBuffStart" action="SetTransformActive" active="true"  transform_path="headlight"/>
				<triggered_effect trigger="onSelfBuffStart" action="AttachParticleEffectToEntity" particle="p_torch_wall" local_offset=".5,2,-1.15" local_rotation="0,0,0" parent_transform="headlight"/>
				<triggered_effect trigger="onSelfBuffStart" action="AttachPrefabToEntity" prefab="particleeffects/p_torch_wall" local_offset="-.5,2,-1.15" local_rotation="0,0,0" parent_transform="headlight"/>
				<triggered_effect trigger="onSelfBuffStart" action="AttachPrefabToEntity" prefab="Entities/Lighting/lantern_02PlayerPrefab" local_offset="0,1.1,.5" local_rotation="-14,0,0" parent_transform="headlight"/>
				<triggered_effect trigger="onSelfBuffStart" action="SetTransformActive" active="false"  transform_path="headlight"/>
				<triggered_effect trigger="onSelfBuffStart" action="AttachPrefabToEntity" prefab="@:Entities/Zombies/Zombies/halfCorpsePrefab.prefab" local_offset="0,1,-2" local_rotation="0,0,0" parent_transform="Origin"/>
				<triggered_effect trigger="onSelfBuffStart" action="AttachPrefabToEntity" prefab="@:Entities/Zombies/Zombies/corpse2Prefab.prefab" local_offset="0,1,2" local_rotation="0,90,0" parent_transform="Origin"/>
				<triggered_effect trigger="onSelfBuffStart" action="AttachPrefabToEntity" prefab="Entities/Plants/pumpkinJackoLanternPrefab" local_offset="0,2,0" local_rotation="0,0,0" parent_transform="Origin"/>
				<triggered_effect trigger="onSelfBuffStart" action="AttachPrefabToEntity" prefab="Entities/Bandits/Barbedwire/barbedwire_spindlePrefab" local_offset="1,0.5,-0.3" local_rotation="0,90,0" parent_transform="GameObject"/>
				<triggered_effect trigger="onSelfBuffStart" action="AttachPrefabToEntity" prefab="Entities/Bandits/Barbedwire/barbedwire_spindlePrefab" local_offset="-1,0.5,-0.3" local_rotation="0,90,0" parent_transform="Mesh"/>
				<triggered_effect trigger="onSelfBuffStart" action="AttachPrefabToEntity" prefab="Entities/Bandits/Barbedwire/barbedwire_spindle_diagonal_1mPrefab" local_offset="0,0.4,2" local_rotation="0,45,0" parent_transform="Origin"/>
				<triggered_effect trigger="onSelfBuffStart" action="AttachPrefabToEntity" prefab="Entities/Commercial/posterMovieMammasJusticePrefab" local_offset="0,1.85,1.2" local_rotation="-83,0,0" parent_transform="Origin"/>
				<triggered_effect trigger="onSelfBuffStart" action="AttachPrefabToEntity" prefab="Entities/Traps/trap_spikes01_damage01Prefab" local_offset="-.55,1.2,1.5" local_rotation="-60,90,45" parent_transform="GameObject"/>
				<triggered_effect trigger="onSelfBuffStart" action="AttachPrefabToEntity" prefab="Entities/Traps/trap_spikes01_damage01Prefab" local_offset=".55,1.2,1.5" local_rotation="70,90,45" parent_transform="Mesh"/>
				<triggered_effect trigger="onSelfBuffStart" action="AttachPrefabToEntity" prefab="Entities/Traps/trap_spikes01_damage02Prefab" local_offset="-.25,.7,2" local_rotation="90,0,0" parent_transform="Origin"/>
				<triggered_effect trigger="onSelfBuffStart" action="AttachPrefabToEntity" prefab="Entities/Traps/trap_spikes01_damage01Prefab" local_offset=".25,.7,2" local_rotation="90,0,0" parent_transform="Origin"/>
				<triggered_effect trigger="onSelfBuffStart" action="AttachPrefabToEntity" prefab="@:Other/Items/Weapons/Melee/Spear/spear_steel_Prefab.prefab" local_offset=".8,1,1.5" local_rotation="90,0,0" parent_transform="Origin"/>
				<triggered_effect trigger="onSelfBuffStart" action="AttachParticleEffectToEntity" particle="@:Other/Items/Weapons/Melee/Spear/spear_steel_Prefab.prefab" local_offset="-.8,1,1.5" local_rotation="90,0,0" parent_transform="Origin"/>
				<triggered_effect trigger="onSelfBuffStart" action="AttachPrefabToEntity" prefab="@:Other/Items/Weapons/Melee/ClubIron/clubIronPrefab.prefab" local_offset="0.8,0.7,-2" local_rotation="0,0,-90" parent_transform="GameObject"/>
				<triggered_effect trigger="onSelfBuffStart" action="AttachPrefabToEntity" prefab="@:Other/Items/Weapons/Melee/ClubIron/clubIronPrefab.prefab" local_offset="-0.8,0.7,-2" local_rotation="0,0,90" parent_transform="Mesh"/>
				<triggered_effect trigger="onSelfBuffUpdate" action="AddBuff" target="selfAOE" range="2" buff="buffInjuryKnockdown02,buffInjuryCrippled01">
					<requirement name="EntityTagCompare" target="other" tags="zombie,enemy"/>
				</triggered_effect>
			</effect_group>
		</buff>
		
		<buff name="vehicleHellCarCheck" hidden="true">
			<damage_type value="heat"/>
			<stack_type value="ignore"/>		
			<effect_group>
			<triggered_effect trigger="onSelfBuffStart" action="SetTransformActive" active="true"  transform_path="headlight"/>
				<triggered_effect trigger="onSelfBuffStart" action="AttachParticleEffectToEntity" particle="p_torch_wall" local_offset=".6,.6,-4.2" local_rotation="90,0,0" parent_transform="headlight"/>
				<triggered_effect trigger="onSelfBuffStart" action="AttachPrefabToEntity" prefab="particleeffects/p_torch_wall" local_offset="-.6,.6,-4.2" local_rotation="90,0,0" parent_transform="headlight"/>
				<triggered_effect trigger="onSelfBuffStart" action="SetTransformActive" active="false"  transform_path="headlight"/>
				<triggered_effect trigger="onSelfBuffStart" action="SetTransformActive" active="false" parent_transform="Physics" transform_path="Box2"/>
				<triggered_effect trigger="onSelfBuffStart" action="SetTransformActive" active="false" parent_transform="Physics" transform_path="BoxL"/>
				<triggered_effect trigger="onSelfBuffStart" action="SetTransformActive" active="false" parent_transform="Physics" transform_path="BoxR"/>
				<triggered_effect trigger="onSelfBuffStart" action="SetTransformActive" active="false" parent_transform="Physics" transform_path="BoxPipeL"/>
				<triggered_effect trigger="onSelfBuffStart" action="SetTransformActive" active="false" parent_transform="Physics" transform_path="BoxPipeR"/>
				<triggered_effect trigger="onSelfBuffStart" action="SetTransformActive" active="false"  transform_path="car_mesh"/>
				<triggered_effect trigger="onSelfBuffStart" action="AttachPrefabToEntity" prefab="@:Entities/Vehicles/Car/car_black_dmg0Prefab.prefab" local_offset="0,0,-1" local_rotation="0,0,0" parent_transform="Origin"/>
				<triggered_effect trigger="onSelfBuffStart" action="AttachPrefabToEntity" prefab="Entities/Lighting/torch_wall_playerPrefab" local_offset="-1.6,0.5,.5" local_rotation="0,-90,0" parent_transform="GameObject"/>
				<triggered_effect trigger="onSelfBuffStart" action="AttachPrefabToEntity" prefab="Entities/Lighting/torch_wall_playerPrefab" local_offset="1.6,0.5,0.5" local_rotation="0,90,0" parent_transform="Mesh"/>
				<triggered_effect trigger="onSelfBuffStart" action="AttachPrefabToEntity" prefab="@:Entities/Vehicles/Car/motorPrefab.prefab" local_offset="0,0.8,0.5" local_rotation="0,0,0" parent_transform="Origin"/>
				<triggered_effect trigger="onSelfBuffStart" action="AttachPrefabToEntity" prefab="@:Other/Items/Weapons/Melee/Spear/spear_steel_Prefab.prefab" local_offset="1.1,.6,1" local_rotation="90,0,0" parent_transform="Origin"/>
				<triggered_effect trigger="onSelfBuffStart" action="AttachParticleEffectToEntity" particle="@:Other/Items/Weapons/Melee/Spear/spear_steel_Prefab.prefab" local_offset="-1.1,.6,1" local_rotation="90,0,0" parent_transform="Origin"/>
				<triggered_effect trigger="onSelfBuffStart" action="AttachPrefabToEntity" prefab="@:Entities/Vehicles/Car/trunk_lid_flippedPrefab.prefab" local_offset="0.65,0.5,-2.3" local_rotation="90,0,90" parent_transform="GameObject"/>
				<triggered_effect trigger="onSelfBuffStart" action="AttachPrefabToEntity" prefab="@:Entities/Vehicles/Car/trunk_lid_flippedPrefab.prefab" local_offset="-0.65,0.5,-3.3" local_rotation="90,180,90" parent_transform="Mesh"/>
				<triggered_effect trigger="onSelfBuffStart" action="AttachPrefabToEntity" prefab="Entities/Crafting/sign_wood_1x1_Prefab" local_offset="1.55,0.4,0.7" local_rotation="0,90,0" parent_transform="GameObject"/>
				<triggered_effect trigger="onSelfBuffStart" action="AttachPrefabToEntity" prefab="Entities/Crafting/sign_wood_1x1_Prefab" local_offset="-1.55,0.4,0.7" local_rotation="0,270,0" parent_transform="Mesh"/>
				<triggered_effect trigger="onSelfBuffStart" action="AttachPrefabToEntity" prefab="@:Entities/Vehicles/Car/car_wheelPrefab.prefab" local_offset="0,1.5,-3" local_rotation="0,0,0" parent_transform="Origin"/>
				<triggered_effect trigger="onSelfBuffStart" action="AttachParticleEffectToEntity" particle="torch02_firePrefab" local_offset=".6,.6,-4.3" local_rotation="90,0,0" parent_transform="Origin"/>
				<triggered_effect trigger="onSelfBuffStart" action="AttachPrefabToEntity" prefab="particleeffects/torch02_firePrefab" local_offset="-.6,.6,-4.3" local_rotation="90,0,0" parent_transform="Origin"/>
			</effect_group>
		</buff>

		<buff name="vehicleMagicBusCheck" hidden="true">
			<damage_type value="heat"/>
			<stack_type value="ignore"/>		
			<effect_group>
			<triggered_effect trigger="onSelfBuffStart" action="SetTransformActive" active="true"  transform_path="headlight"/>
				<triggered_effect trigger="onSelfBuffStart" action="AttachParticleEffectToEntity" particle="torch02_firePrefab" local_offset="0,.6,3" local_rotation="90,0,0" parent_transform="headlight"/>
				<triggered_effect trigger="onSelfBuffStart" action="AttachPrefabToEntity" prefab="particleeffects/torch02_firePrefab" local_offset="-1,.6,3" local_rotation="90,0,0" parent_transform="headlight"/>
				<triggered_effect trigger="onSelfBuffStart" action="AttachPrefabToEntity" prefab="Entities/Lighting/lantern_02PlayerPrefab" local_offset="0,.6,0" local_rotation="90,0,0" parent_transform="headlight"/>
				<triggered_effect trigger="onSelfBuffStart" action="SetTransformActive" active="false"  transform_path="headlight"/>
				<triggered_effect trigger="onSelfBuffStart" action="SetTransformActive" active="false" parent_transform="Physics" transform_path="Box2"/>
				<triggered_effect trigger="onSelfBuffStart" action="SetTransformActive" active="false" parent_transform="Physics" transform_path="BoxL"/>
				<triggered_effect trigger="onSelfBuffStart" action="SetTransformActive" active="false" parent_transform="Physics" transform_path="BoxR"/>
				<triggered_effect trigger="onSelfBuffStart" action="SetTransformActive" active="false" parent_transform="Physics" transform_path="BoxPipeL"/>
				<triggered_effect trigger="onSelfBuffStart" action="SetTransformActive" active="false" parent_transform="Physics" transform_path="BoxPipeR"/>
				<triggered_effect trigger="onSelfBuffStart" action="AttachPrefabToEntity" active="false" prefab="@:Entities/Vehicles/bus_shortPrefab.prefab" local_offset="0,0.5,0" local_rotation="0,0,0" parent_transform="Physics"/>
				<triggered_effect trigger="onSelfBuffStart" action="SetTransformActive" active="false"  transform_path="car_mesh"/>
				<triggered_effect trigger="onSelfBuffStart" action="AttachPrefabToEntity" prefab="@:Entities/Vehicles/bus_shortPrefab.prefab" local_offset="0,0.5,0" local_rotation="0,0,0" parent_transform="Origin"/>
				<triggered_effect trigger="onSelfBuffStart" action="AttachPrefabToEntity" prefab="Entities/Commercial/signShamwaySalePrefab" local_offset="1.5,0.2,-2" local_rotation="0,90,0" parent_transform="GameObject"/>
				<triggered_effect trigger="onSelfBuffStart" action="AttachPrefabToEntity" prefab="Entities/Commercial/signShamwaySalePrefab" local_offset="-1.5,0.2,-2" local_rotation="0,90,0" parent_transform="Mesh"/>
				<triggered_effect trigger="onSelfBuffStart" action="AttachPrefabToEntity" prefab="Entities/Crafting/sign_wood_1x3_Prefab" local_offset="-0.5,1.5,-3.6" local_rotation="0,0,0" parent_transform="GameObject"/>
				<triggered_effect trigger="onSelfBuffStart" action="AttachPrefabToEntity" prefab="Entities/Crafting/sign_wood_1x3_Prefab" local_offset="-0.5,2.5,-3.6" local_rotation="0,0,0" parent_transform="Mesh"/>
				<triggered_effect trigger="onSelfBuffStart" action="AttachPrefabToEntity" prefab="Entities/Bandits/Barbedwire/barbedwire_spindlePrefab" local_offset="-0.5,1,-4" local_rotation="0,0,0" parent_transform="GameObject"/>
				<triggered_effect trigger="onSelfBuffStart" action="AttachPrefabToEntity" prefab="Entities/Bandits/Barbedwire/barbedwire_spindlePrefab" local_offset="-0.5,2,-4" local_rotation="0,0,0" parent_transform="Mesh"/>
				<triggered_effect trigger="onSelfBuffStart" action="AttachPrefabToEntity" prefab="Entities/Bandits/Barbedwire/barbedwire_spindle_diagonal_1mPrefab" local_offset="-0.5,1,3" local_rotation="0,45,0" parent_transform="Origin"/>
				<triggered_effect trigger="onSelfBuffStart" action="AttachPrefabToEntity" prefab="Entities/Appliances/ventFanPrefab" local_offset="0.93,0.5,2.1" local_rotation="90,90,0" parent_transform="GameObject"/>
				<triggered_effect trigger="onSelfBuffStart" action="AttachPrefabToEntity" prefab="Entities/Appliances/ventFanPrefab" local_offset="-1.93,0.6,2.1" local_rotation="90,90,0" parent_transform="Mesh"/>
				<triggered_effect trigger="onSelfBuffStart" action="AttachPrefabToEntity" prefab="@:Other/Items/Weapons/Melee/Spear/spear_steel_Prefab.prefab" local_offset="0,.6,2.5" local_rotation="90,0,0" parent_transform="Origin"/>
				<triggered_effect trigger="onSelfBuffStart" action="AttachParticleEffectToEntity" particle="@:Other/Items/Weapons/Melee/Spear/spear_steel_Prefab.prefab" local_offset="-1,.6,2.5" local_rotation="90,0,0" parent_transform="Origin"/>
				
				<triggered_effect trigger="onSelfBuffUpdate" action="AddBuff" target="selfAOE" range="2.2" buff="buffBurningElement">
					<requirement name="EntityTagCompare" target="other" tags="zombie,enemy"/>
				</triggered_effect>
			</effect_group>				
		</buff>		

<!-- Flyers -->

		<buff name="vehicleWhirligigCheck" hidden="true">
			<damage_type value="heat"/>
			<stack_type value="ignore"/>			
			<effect_group>
			
			<!-- Local offset parameters attach the prefab onto the model - 0,0,0 - First expresses left to right from central origin. / Second expresses up and down from central origin. / Third expresses front to back from central origin. -->
			<!-- Local rotation parameters direct the angle of the prefab onto the model - 0,0,0 - First expresses forwards/backwards angle. / Second expresses left/right twist angle. / Third expresses left/right lean angle. -->
			
				<triggered_effect trigger="onSelfBuffStart" action="AttachPrefabToEntity" prefab="@:Entities/Vehicles/Car/car_tirePrefab.prefab" local_offset="-0.5,0.4,-0.7" local_rotation="0,0,0" parent_transform="Origin"/>
				<triggered_effect trigger="onSelfBuffStart" action="AttachParticleEffectToEntity" particle="@:Entities/Vehicles/Car/car_tirePrefab.prefab" local_offset="0.5,0.4,-0.7" local_rotation="0,0,0" parent_transform="Origin"/>
				<triggered_effect trigger="onSelfBuffStart" action="AttachPrefabToEntity" prefab="Entities/Appliances/ventFanDoublePrefab" local_offset="-0,0.27,-0.7" local_rotation="0,0,0" parent_transform="Origin"/>
				<triggered_effect trigger="onSelfBuffStart" action="AttachPrefabToEntity" prefab="Entities/Lighting/lantern_02PlayerPrefab" local_offset="0,0.55,2.05" local_rotation="70,0,0" parent_transform="Origin"/>
				<triggered_effect trigger="onSelfBuffStart" action="AttachPrefabToEntity" prefab="Entities/Electrical/smallGeneratorPrefab" local_offset="0,1.3,-0.14" local_rotation="0,0,0" parent_transform="Origin"/>				
			</effect_group>
		</buff>
		
		<buff name="vehicleSharkBlimpCheck" hidden="true">
			<damage_type value="heat"/>
			<stack_type value="ignore"/>		
			<effect_group>
				<triggered_effect trigger="onSelfBuffStart" action="SetTransformActive" active="true"  transform_path="headlight"/>
				<triggered_effect trigger="onSelfBuffStart" action="AttachPrefabToEntity" prefab="Entities/Lighting/lantern_02PlayerPrefab" local_offset="0,1.15,1.7" local_rotation="0,0,0" parent_transform="Origin"/>
				<triggered_effect trigger="onSelfBuffStart" action="AttachPrefabToEntity" prefab="Entities/animals/shark/animalsharkstandard" local_offset="0,.9,0" local_rotation="0,0,0" parent_transform="Mesh"/>
				<triggered_effect trigger="onSelfBuffStart" action="SetTransformActive" active="false"  parent_transform="GameObject" transform_path="car_mesh"/>
			</effect_group>
		</buff>		

<!-- Bicycle Base -->

		<buff name="vehicleSledCheck" hidden="true">
			<damage_type value="heat"/>		
			<stack_type value="ignore"/>		
			<effect_group>
				<triggered_effect trigger="onSelfBuffStart" action="SetTransformActive" active="false"  transform_path="chassis"/>
				<triggered_effect trigger="onSelfBuffStart" action="SetTransformActive" active="false"  transform_path="pedal"/>
				<triggered_effect trigger="onSelfBuffStart" action="SetTransformActive" active="false"  transform_path="seat"/>
				<triggered_effect trigger="onSelfBuffStart" action="SetTransformActive" active="false"  transform_path="handlebar"/>
				<triggered_effect trigger="onSelfBuffStart" action="SetTransformActive" active="false"  transform_path="back_wheel"/>
				<triggered_effect trigger="onSelfBuffStart" action="SetTransformActive" active="false"  transform_path="front_wheel"/>
				<triggered_effect trigger="onSelfBuffStart" action="SetTransformActive" active="false"  transform_path="chain"/>
				<triggered_effect trigger="onSelfBuffStart" action="SetTransformActive" active="false" parent_transform="Physics" transform_path="Box1"/>
				<triggered_effect trigger="onSelfBuffStart" action="SetTransformActive" active="false" parent_transform="Physics" transform_path="Box2"/>
				<triggered_effect trigger="onSelfBuffStart" action="SetTransformActive" active="false" parent_transform="Physics" transform_path="Box3"/>
				<triggered_effect trigger="onSelfBuffStart" action="AttachPrefabToEntity" prefab="Entities/Industrial/palletsWoodSinglePrefab" local_offset="0,0.18,0" local_rotation="0,0,0" parent_transform="Physics"/>
				<triggered_effect trigger="onSelfBuffStart" action="SetTransformActive" active="false" parent_transform="Physics" transform_path="pallet"/>
				<triggered_effect trigger="onSelfBuffStart" action="SetTransformActive" active="false" parent_transform="Physics" transform_path="LOD0"/>
				<triggered_effect trigger="onSelfBuffStart" action="AttachPrefabToEntity" prefab="Entities/Animals/Wolf/animalStandardWolfRagdoll" local_offset="0,-1.6,1" local_rotation="20,0,0" parent_transform="Origin/handlebar_joint"/>
				<triggered_effect trigger="onSelfBuffStart" action="SetTransformActive" active="false"  parent_transform="Origin/handlebar_joint" transform_path="Origin"/>
				<triggered_effect trigger="onSelfBuffStart" action="AttachPrefabToEntity" prefab="Entities/OutdoorDecor/modularRopeTopTiedPrefab" local_offset="-.15  ,-0.8,1.25" local_rotation="75 ,0  ,0  " parent_transform="Origin/handlebar_joint/RightArmAttachJoint"/>
				<triggered_effect trigger="onSelfBuffStart" action="AttachPrefabToEntity" prefab="Entities/OutdoorDecor/modularRopeTopTiedPrefab" local_offset=".15  ,-0.8,1.25" local_rotation="75 ,0  ,0  " parent_transform="Origin/handlebar_joint/LeftArmAttachJoint"/>
				<triggered_effect trigger="onSelfBuffStart" action="AttachPrefabToEntity" prefab="Entities/OutdoorDecor/modularRopeTiledPrefab"   local_offset="-.15  ,-1 ,0.5" local_rotation="75 ,0  ,0  " parent_transform="Origin/handlebar_joint/RightArmAttachJoint"/>
				<triggered_effect trigger="onSelfBuffStart" action="AttachPrefabToEntity" prefab="Entities/OutdoorDecor/modularRopeTiledPrefab"   local_offset=".15  ,-1 ,0.5" local_rotation="75 ,0  ,0  " parent_transform="Origin/handlebar_joint/LeftArmAttachJoint"/>
				<triggered_effect trigger="onSelfBuffStart" action="AttachPrefabToEntity" prefab="Entities/Industrial/palletsWoodSinglePrefab" local_offset="0,.08,0" local_rotation="0,0,0" parent_transform="Origin"/>
				<triggered_effect trigger="onSelfBuffStart" action="AttachPrefabToEntity" prefab="Entities/Furniture/officeChairPrefab" local_offset="0,.6,-.2" local_rotation="0,0,0" parent_transform="Origin"/>
				<triggered_effect trigger="onSelfBuffStart" action="AttachPrefabToEntity" prefab="Entities/Sandbags/sandbag_single_01Prefab" local_offset="0,0.7,-.4" local_rotation="0,0,0" parent_transform="Origin"/>
			</effect_group>
		</buff>		
		
	</append>
</configs>