<configs>
	<append xpath="/recipes">

<!-- Motorcycles -->
		
		<recipe name="vehicleHellBeastPlaceable" count="1" craft_time="250" craft_area="workbench" tags="workbenchCrafting">
			<ingredient name="vehicleMotorcyclePlaceable" count="1"/>
			<ingredient name="meleeToolAllSteelParts" count="10"/>
			<ingredient name="resourceBone" count="100"/>
			<ingredient name="smallEngine" count="1"/>
			<ingredient name="resourceMechanicalParts" count="50"/>
		</recipe>
		
		<recipe name="vehicleHellFirePlaceable" count="1" craft_time="250" craft_area="workbench" tags="workbenchCrafting">
			<ingredient name="vehicleMotorcyclePlaceable" count="1"/>
			<ingredient name="meleeToolAllSteelParts" count="10"/>
			<ingredient name="resourceBone" count="100"/>
			<ingredient name="smallEngine" count="1"/>
			<ingredient name="resourceMechanicalParts" count="50"/>
		</recipe>

		<recipe name="vehicleHellDogPlaceable" count="1" craft_time="250" craft_area="workbench" tags="workbenchCrafting">
			<ingredient name="vehicleMotorcyclePlaceable" count="1"/>
			<ingredient name="meleeToolAllSteelParts" count="10"/>
			<ingredient name="resourceBone" count="100"/>
			<ingredient name="smallEngine" count="1"/>
			<ingredient name="resourceMechanicalParts" count="50"/>
		</recipe>
		
		<recipe name="vehicleSpiderPlaceable" count="1" craft_time="200" craft_area="workbench" tags="workbenchCrafting">
			<ingredient name="vehicleMinibikePlaceable" count="1"/>
			<ingredient name="trapSpikesIronDmg0" count="1"/>
			<ingredient name="resourceBone" count="50"/>
			<ingredient name="smallEngine" count="1"/>
			<ingredient name="resourceMechanicalParts" count="25"/>
		</recipe>		
		
<!-- Cars, Jeeps, Trucks, and Buses -->		

		<recipe name="vehicleHellHound4x4Placeable" count="1" craft_time="450" craft_area="workbench" tags="workbenchCrafting">
			<ingredient name="vehicle4x4TruckPlaceable" count="1"/>
			<ingredient name="resourceForgedIron" count="100"/>
			<ingredient name="resourceElectricParts" count="25"/>
			<ingredient name="resourceMechanicalParts" count="50"/>
			<ingredient name="resourceScrapPolymers" count="6"/>
		</recipe>
		
		<recipe name="vehicleHellSpikey4x4Placeable" count="1" craft_time="450" craft_area="workbench" tags="workbenchCrafting">
			<ingredient name="vehicle4x4TruckPlaceable" count="1"/>
			<ingredient name="resourceWood" count="500"/>
			<ingredient name="resourceElectricParts" count="25"/>
			<ingredient name="resourceMechanicalParts" count="50"/>
			<ingredient name="resourceScrapPolymers" count="6"/>
		</recipe>

		<!--recipe name="vehicleHellCarPlaceable" count="1" craft_time="400" craft_area="workbench" tags="workbenchCrafting">
			<ingredient name="vehicle4x4TruckPlaceable" count="1"/>
			<ingredient name="resourceForgedIron" count="50"/>
			<ingredient name="resourceElectricParts" count="20"/>
			<ingredient name="resourceMechanicalParts" count="30"/>
			<ingredient name="resourceScrapPolymers" count="6"/>
		</recipe-->

		<!--recipe name="vehicleMagicBusPlaceable" count="1" craft_time="400" craft_area="workbench" tags="workbenchCrafting">
			<ingredient name="vehicle4x4TruckPlaceable" count="1"/>
			<ingredient name="resourceForgedIron" count="50"/>
			<ingredient name="resourceElectricParts" count="20"/>
			<ingredient name="resourceMechanicalParts" count="30"/>
			<ingredient name="resourceWood" count="500"/>
		</recipe-->		

<!-- Flyers -->

		<recipe name="vehicleWhirligigPlaceable" count="1" craft_time="250" craft_area="workbench" tags="workbenchCrafting">
	        <ingredient name="vehicleGyrocopterPlaceable" count="1"/>
			<ingredient name="resourceForgedIron" count="50"/>
			<ingredient name="resourceElectricParts" count="10"/>
			<ingredient name="resourceMechanicalParts" count="25"/>
			<ingredient name="resourceScrapPolymers" count="10"/>
		</recipe>
		
		<!--recipe name="vehicleSharkBlimpPlaceable" count="1" craft_time="120" craft_area="workbench" tags="workbenchCrafting">
	        <ingredient name="vehicleGyrocopterPlaceable" count="1"/>
			<ingredient name="resourceScrapPolymers" count="30"/>
			<ingredient name="resourceCloth" count="20"/>
			<ingredient name="resourceBone" count="20"/>
			<ingredient name="foodRawMeat" count="20"/>	
        </recipe-->		

<!-- Bicycle Base -->

		<!--recipe name="vehicleSledPlaceable" count="1" craft_time="120" craft_area="workbench" tags="workbenchCrafting">
			<ingredient name="resourceNail" count="40"/>
			<ingredient name="resourceWood" count="100"/>
			<ingredient name="resourceCloth" count="20"/>
			<ingredient name="resourceBone" count="20"/>
			<ingredient name="foodRawMeat" count="20"/>
		</recipe-->	
		
	</append>
</configs>